layer,head,binding_score,model,compound
0,3,0.2512,12b,skipLink
0,5,0.353,12b,skipLink
0,6,0.1892,12b,skipLink
0,7,0.2442,12b,skipLink
0,9,0.384,12b,skipLink
0,10,0.1955,12b,skipLink
0,11,0.1623,12b,skipLink
0,12,0.1577,12b,skipLink
0,14,0.2479,12b,skipLink
0,16,0.2923,12b,skipLink
0,18,0.3044,12b,skipLink
0,19,0.1023,12b,skipLink
0,20,0.1341,12b,skipLink
0,22,0.1617,12b,skipLink
0,26,0.2027,12b,skipLink
0,29,0.1079,12b,skipLink
0,30,0.2625,12b,skipLink
0,31,0.2637,12b,skipLink
0,32,0.1295,12b,skipLink
0,33,0.2124,12b,skipLink
0,35,0.2398,12b,skipLink
0,36,0.2026,12b,skipLink
0,38,0.4798,12b,skipLink
1,0,0.1664,12b,skipLink
1,2,0.193,12b,skipLink
1,9,0.1683,12b,skipLink
1,12,0.1597,12b,skipLink
1,13,0.1857,12b,skipLink
1,14,0.6734,12b,skipLink
1,15,0.8781,12b,skipLink
1,16,0.3055,12b,skipLink
1,20,0.4022,12b,skipLink
1,22,0.1584,12b,skipLink
1,24,0.2708,12b,skipLink
1,26,0.9774,12b,skipLink
1,28,0.1287,12b,skipLink
1,34,0.3368,12b,skipLink
1,35,0.1052,12b,skipLink
1,36,0.2201,12b,skipLink
1,37,0.4474,12b,skipLink
1,38,0.7998,12b,skipLink
2,0,0.2434,12b,skipLink
2,4,0.1302,12b,skipLink
2,7,0.896,12b,skipLink
2,11,0.1703,12b,skipLink
2,12,0.7471,12b,skipLink
2,14,0.8369,12b,skipLink
2,15,0.1217,12b,skipLink
2,16,0.7245,12b,skipLink
2,18,0.4188,12b,skipLink
2,19,0.2401,12b,skipLink
2,20,0.2387,12b,skipLink
2,22,0.6255,12b,skipLink
2,29,0.1089,12b,skipLink
2,32,0.8029,12b,skipLink
2,36,0.2643,12b,skipLink
2,38,0.2633,12b,skipLink
2,39,0.1621,12b,skipLink
3,2,0.1688,12b,skipLink
3,3,0.181,12b,skipLink
3,4,0.4217,12b,skipLink
3,7,0.8539,12b,skipLink
3,8,0.5393,12b,skipLink
3,12,0.1254,12b,skipLink
3,20,0.1043,12b,skipLink
3,21,0.6143,12b,skipLink
3,23,0.3003,12b,skipLink
3,30,0.9662,12b,skipLink
3,31,0.1691,12b,skipLink
3,32,0.3369,12b,skipLink
3,37,0.3025,12b,skipLink
3,38,0.2962,12b,skipLink
4,27,0.2621,12b,skipLink
4,29,0.1133,12b,skipLink
5,23,0.2544,12b,skipLink
5,28,0.8665,12b,skipLink
6,6,0.6445,12b,skipLink
6,7,0.1003,12b,skipLink
7,1,0.2114,12b,skipLink
7,19,0.1386,12b,skipLink
7,20,0.1105,12b,skipLink
8,10,0.478,12b,skipLink
8,32,0.2142,12b,skipLink
9,12,0.1902,12b,skipLink
9,17,0.1004,12b,skipLink
9,18,0.1643,12b,skipLink
9,20,0.1002,12b,skipLink
9,24,0.1387,12b,skipLink
9,25,0.1759,12b,skipLink
9,34,0.1895,12b,skipLink
9,35,0.2885,12b,skipLink
9,39,0.1872,12b,skipLink
10,1,0.6409,12b,skipLink
10,16,0.1217,12b,skipLink
11,4,0.1476,12b,skipLink
11,8,0.384,12b,skipLink
11,13,0.7296,12b,skipLink
11,16,0.3854,12b,skipLink
11,20,0.1033,12b,skipLink
11,31,0.3478,12b,skipLink
11,33,0.5089,12b,skipLink
11,36,0.1545,12b,skipLink
11,38,0.179,12b,skipLink
12,5,0.1877,12b,skipLink
12,7,0.3671,12b,skipLink
12,11,0.1164,12b,skipLink
12,15,0.1134,12b,skipLink
12,21,0.1019,12b,skipLink
12,25,0.3698,12b,skipLink
12,30,0.1577,12b,skipLink
12,37,0.7238,12b,skipLink
12,38,0.2401,12b,skipLink
13,3,0.1495,12b,skipLink
13,5,0.1893,12b,skipLink
13,7,0.202,12b,skipLink
13,19,0.1018,12b,skipLink
13,30,0.1469,12b,skipLink
13,35,0.186,12b,skipLink
14,7,0.7775,12b,skipLink
14,12,0.5543,12b,skipLink
14,15,0.2009,12b,skipLink
14,35,0.1757,12b,skipLink
14,36,0.3246,12b,skipLink
15,2,0.5334,12b,skipLink
15,3,0.2169,12b,skipLink
15,6,0.1337,12b,skipLink
15,20,0.238,12b,skipLink
16,0,0.1172,12b,skipLink
16,11,0.1509,12b,skipLink
16,18,0.2009,12b,skipLink
16,29,0.1784,12b,skipLink
16,32,0.1292,12b,skipLink
16,36,0.144,12b,skipLink
16,37,0.207,12b,skipLink
17,5,0.3515,12b,skipLink
17,6,0.4947,12b,skipLink
17,34,0.1846,12b,skipLink
19,11,0.8775,12b,skipLink
19,21,0.1877,12b,skipLink
19,28,0.1237,12b,skipLink
19,31,0.1076,12b,skipLink
19,33,0.3582,12b,skipLink
19,37,0.88,12b,skipLink
20,10,0.1076,12b,skipLink
20,31,0.5879,12b,skipLink
21,5,0.9194,12b,skipLink
21,9,0.6271,12b,skipLink
22,7,0.3694,12b,skipLink
22,16,0.116,12b,skipLink
23,2,0.1895,12b,skipLink
23,14,0.2044,12b,skipLink
23,35,0.3269,12b,skipLink
24,17,0.2926,12b,skipLink
25,2,0.1369,12b,skipLink
25,11,0.1691,12b,skipLink
25,28,0.5287,12b,skipLink
25,35,0.4595,12b,skipLink
26,7,0.9672,12b,skipLink
26,9,0.1689,12b,skipLink
26,37,0.812,12b,skipLink
26,38,0.1507,12b,skipLink
28,24,0.6865,12b,skipLink
29,5,0.114,12b,skipLink
29,28,0.4916,12b,skipLink
29,34,0.4633,12b,skipLink
31,12,0.5125,12b,skipLink
31,26,0.7472,12b,skipLink
32,1,0.1193,12b,skipLink
32,4,0.3826,12b,skipLink
32,13,0.1051,12b,skipLink
32,23,0.2361,12b,skipLink
32,24,0.1765,12b,skipLink
32,26,0.1125,12b,skipLink
33,4,0.1527,12b,skipLink
33,16,0.2162,12b,skipLink
33,19,0.6323,12b,skipLink
33,25,0.4295,12b,skipLink
33,33,0.2079,12b,skipLink
33,36,0.2159,12b,skipLink
34,2,0.9321,12b,skipLink
34,12,0.7825,12b,skipLink
34,21,0.8207,12b,skipLink
34,36,0.9821,12b,skipLink
34,37,0.2726,12b,skipLink
35,0,0.1069,12b,skipLink
35,23,0.4534,12b,skipLink
0,1,0.2222,12b,altText
0,3,0.297,12b,altText
0,5,0.3075,12b,altText
0,6,0.3243,12b,altText
0,7,0.1724,12b,altText
0,9,0.132,12b,altText
0,10,0.2331,12b,altText
0,11,0.1132,12b,altText
0,14,0.108,12b,altText
0,18,0.5986,12b,altText
0,19,0.1077,12b,altText
0,20,0.2058,12b,altText
0,22,0.1814,12b,altText
0,25,0.1364,12b,altText
0,26,0.1821,12b,altText
0,27,0.16,12b,altText
0,29,0.3545,12b,altText
0,30,0.2152,12b,altText
0,31,0.388,12b,altText
0,34,0.2021,12b,altText
0,35,0.236,12b,altText
0,36,0.2647,12b,altText
0,38,0.1246,12b,altText
0,39,0.5022,12b,altText
1,0,0.5107,12b,altText
1,2,0.1412,12b,altText
1,9,0.3802,12b,altText
1,11,0.158,12b,altText
1,14,0.2755,12b,altText
1,15,0.9927,12b,altText
1,20,0.3951,12b,altText
1,24,0.168,12b,altText
1,26,0.976,12b,altText
1,33,0.1555,12b,altText
1,34,0.1866,12b,altText
1,35,0.1789,12b,altText
1,37,0.3382,12b,altText
1,38,0.8025,12b,altText
2,0,0.6144,12b,altText
2,3,0.3854,12b,altText
2,4,0.3057,12b,altText
2,7,0.8483,12b,altText
2,12,0.1444,12b,altText
2,14,0.48,12b,altText
2,16,0.6991,12b,altText
2,18,0.2601,12b,altText
2,19,0.3994,12b,altText
2,20,0.1084,12b,altText
2,21,0.1642,12b,altText
2,22,0.6934,12b,altText
2,28,0.1569,12b,altText
2,31,0.5179,12b,altText
2,32,0.7605,12b,altText
2,33,0.1764,12b,altText
2,37,0.1554,12b,altText
2,38,0.6807,12b,altText
3,3,0.503,12b,altText
3,4,0.499,12b,altText
3,5,0.2118,12b,altText
3,7,0.9438,12b,altText
3,8,0.9445,12b,altText
3,9,0.1273,12b,altText
3,12,0.5887,12b,altText
3,21,0.6559,12b,altText
3,23,0.1904,12b,altText
3,26,0.1596,12b,altText
3,30,0.9822,12b,altText
3,31,0.3444,12b,altText
3,32,0.1406,12b,altText
3,38,0.1745,12b,altText
4,10,0.5676,12b,altText
4,13,0.4091,12b,altText
4,24,0.1068,12b,altText
4,30,0.1213,12b,altText
4,37,0.1143,12b,altText
5,23,0.7782,12b,altText
5,27,0.1034,12b,altText
5,28,0.9257,12b,altText
6,6,0.8249,12b,altText
6,15,0.3354,12b,altText
6,28,0.1778,12b,altText
6,34,0.1673,12b,altText
7,1,0.4565,12b,altText
7,25,0.5029,12b,altText
7,31,0.1446,12b,altText
7,37,0.2339,12b,altText
8,10,0.3908,12b,altText
8,13,0.8137,12b,altText
8,17,0.11,12b,altText
8,27,0.6486,12b,altText
8,36,0.3226,12b,altText
9,12,0.1448,12b,altText
9,20,0.1996,12b,altText
9,22,0.3541,12b,altText
9,25,0.1685,12b,altText
9,26,0.3104,12b,altText
9,34,0.2327,12b,altText
9,35,0.5001,12b,altText
10,1,0.4221,12b,altText
10,2,0.3336,12b,altText
10,5,0.1052,12b,altText
10,11,0.1049,12b,altText
10,16,0.1284,12b,altText
10,19,0.3309,12b,altText
10,31,0.235,12b,altText
11,0,0.1225,12b,altText
11,11,0.2228,12b,altText
11,13,0.7794,12b,altText
11,16,0.1016,12b,altText
11,20,0.2755,12b,altText
11,26,0.1318,12b,altText
11,27,0.1048,12b,altText
11,31,0.1707,12b,altText
11,32,0.2922,12b,altText
11,38,0.4726,12b,altText
11,39,0.8374,12b,altText
12,4,0.1903,12b,altText
12,7,0.2171,12b,altText
12,11,0.4172,12b,altText
12,15,0.3541,12b,altText
12,16,0.1013,12b,altText
12,19,0.1235,12b,altText
12,24,0.1377,12b,altText
12,25,0.4108,12b,altText
12,37,0.2763,12b,altText
12,38,0.5707,12b,altText
12,39,0.5786,12b,altText
13,7,0.1107,12b,altText
13,13,0.1568,12b,altText
13,18,0.1552,12b,altText
13,19,0.8006,12b,altText
13,21,0.1117,12b,altText
13,26,0.4975,12b,altText
13,33,0.1932,12b,altText
13,35,0.3749,12b,altText
14,4,0.1864,12b,altText
14,5,0.1397,12b,altText
14,7,0.4972,12b,altText
14,12,0.3314,12b,altText
14,15,0.1539,12b,altText
14,21,0.1585,12b,altText
14,24,0.27,12b,altText
14,32,0.2074,12b,altText
14,35,0.6452,12b,altText
14,36,0.4073,12b,altText
14,37,0.1079,12b,altText
14,38,0.2978,12b,altText
15,1,0.1974,12b,altText
15,3,0.4157,12b,altText
15,13,0.2199,12b,altText
15,14,0.1844,12b,altText
15,20,0.1446,12b,altText
15,35,0.3385,12b,altText
15,39,0.1535,12b,altText
16,3,0.1123,12b,altText
16,6,0.1834,12b,altText
16,11,0.6352,12b,altText
16,12,0.1123,12b,altText
16,18,0.3763,12b,altText
16,21,0.134,12b,altText
16,23,0.1509,12b,altText
16,25,0.1021,12b,altText
16,26,0.1709,12b,altText
16,36,0.2016,12b,altText
16,38,0.3694,12b,altText
17,3,0.9367,12b,altText
17,4,0.1741,12b,altText
17,5,0.7122,12b,altText
17,6,0.2051,12b,altText
17,28,0.1165,12b,altText
18,18,0.4347,12b,altText
18,24,0.1779,12b,altText
18,30,0.1635,12b,altText
18,37,0.1035,12b,altText
18,39,0.2926,12b,altText
19,6,0.7356,12b,altText
19,11,0.5579,12b,altText
19,32,0.3172,12b,altText
19,33,0.1692,12b,altText
19,37,0.1436,12b,altText
20,17,0.3035,12b,altText
20,24,0.3641,12b,altText
20,27,0.3044,12b,altText
21,1,0.3526,12b,altText
21,7,0.1102,12b,altText
21,9,0.371,12b,altText
21,30,0.1398,12b,altText
22,7,0.1912,12b,altText
22,10,0.1387,12b,altText
22,16,0.1558,12b,altText
22,26,0.4149,12b,altText
22,33,0.1763,12b,altText
23,2,0.1209,12b,altText
23,14,0.1221,12b,altText
24,8,0.2986,12b,altText
24,12,0.3514,12b,altText
24,17,0.7509,12b,altText
25,16,0.2442,12b,altText
25,22,0.1248,12b,altText
25,28,0.3438,12b,altText
25,32,0.5726,12b,altText
26,7,0.4737,12b,altText
26,9,0.3332,12b,altText
26,33,0.3754,12b,altText
26,37,0.1457,12b,altText
26,38,0.1669,12b,altText
28,1,0.1784,12b,altText
28,10,0.2164,12b,altText
28,19,0.253,12b,altText
28,20,0.1556,12b,altText
28,24,0.8781,12b,altText
29,5,0.1997,12b,altText
29,28,0.9442,12b,altText
29,34,0.6034,12b,altText
29,36,0.1568,12b,altText
30,0,0.3046,12b,altText
30,13,0.1433,12b,altText
30,15,0.3152,12b,altText
30,21,0.1754,12b,altText
31,26,0.6399,12b,altText
32,4,0.1513,12b,altText
32,12,0.1923,12b,altText
32,13,0.2186,12b,altText
32,22,0.1564,12b,altText
32,23,0.2068,12b,altText
32,28,0.3834,12b,altText
32,31,0.102,12b,altText
33,9,0.4299,12b,altText
33,16,0.8085,12b,altText
33,18,0.1772,12b,altText
33,19,0.2928,12b,altText
33,24,0.1952,12b,altText
33,27,0.1715,12b,altText
33,33,0.6141,12b,altText
34,2,0.9975,12b,altText
34,12,0.6624,12b,altText
34,20,0.9644,12b,altText
34,30,0.1159,12b,altText
34,36,0.9586,12b,altText
35,0,0.9939,12b,altText
0,0,0.5936,2.8b,screenReader
0,1,0.158,2.8b,screenReader
0,2,0.3208,2.8b,screenReader
0,4,0.1212,2.8b,screenReader
0,5,0.3464,2.8b,screenReader
0,6,0.1141,2.8b,screenReader
0,8,0.119,2.8b,screenReader
0,10,0.2761,2.8b,screenReader
0,12,0.1202,2.8b,screenReader
0,16,0.2764,2.8b,screenReader
0,17,0.185,2.8b,screenReader
0,19,0.1396,2.8b,screenReader
0,20,0.7966,2.8b,screenReader
0,21,0.9726,2.8b,screenReader
0,22,0.6778,2.8b,screenReader
0,23,0.2417,2.8b,screenReader
0,25,0.2567,2.8b,screenReader
0,27,0.2404,2.8b,screenReader
0,30,0.4417,2.8b,screenReader
0,31,0.1266,2.8b,screenReader
1,0,0.1095,2.8b,screenReader
1,2,0.2234,2.8b,screenReader
1,4,0.837,2.8b,screenReader
1,5,0.5965,2.8b,screenReader
1,6,0.9815,2.8b,screenReader
1,8,0.1495,2.8b,screenReader
1,10,0.1852,2.8b,screenReader
1,11,0.9268,2.8b,screenReader
1,12,0.9909,2.8b,screenReader
1,14,0.838,2.8b,screenReader
1,15,0.7728,2.8b,screenReader
1,16,0.1019,2.8b,screenReader
1,17,0.9719,2.8b,screenReader
1,18,0.2304,2.8b,screenReader
1,21,0.8115,2.8b,screenReader
1,22,0.9058,2.8b,screenReader
1,23,0.4974,2.8b,screenReader
1,24,0.4524,2.8b,screenReader
1,25,0.9483,2.8b,screenReader
1,27,0.1761,2.8b,screenReader
1,28,0.2747,2.8b,screenReader
1,29,0.984,2.8b,screenReader
1,30,0.5372,2.8b,screenReader
1,31,0.3392,2.8b,screenReader
2,5,0.4986,2.8b,screenReader
2,12,0.6146,2.8b,screenReader
2,17,0.3691,2.8b,screenReader
2,20,0.1446,2.8b,screenReader
2,22,0.2169,2.8b,screenReader
2,24,0.2036,2.8b,screenReader
2,27,0.4134,2.8b,screenReader
2,30,0.1798,2.8b,screenReader
3,1,0.604,2.8b,screenReader
3,14,0.1996,2.8b,screenReader
3,16,0.1159,2.8b,screenReader
3,23,0.8409,2.8b,screenReader
3,26,0.2183,2.8b,screenReader
3,29,0.3152,2.8b,screenReader
4,0,0.1126,2.8b,screenReader
4,16,0.8896,2.8b,screenReader
4,23,0.4151,2.8b,screenReader
4,25,0.2681,2.8b,screenReader
5,17,0.1162,2.8b,screenReader
5,23,0.2522,2.8b,screenReader
6,6,0.1043,2.8b,screenReader
6,13,0.8004,2.8b,screenReader
8,20,0.132,2.8b,screenReader
9,6,0.1523,2.8b,screenReader
9,13,0.112,2.8b,screenReader
9,18,0.1203,2.8b,screenReader
10,7,0.1179,2.8b,screenReader
10,14,0.2828,2.8b,screenReader
10,19,0.2544,2.8b,screenReader
10,27,0.7677,2.8b,screenReader
11,7,0.323,2.8b,screenReader
11,21,0.1348,2.8b,screenReader
11,29,0.1802,2.8b,screenReader
12,10,0.1231,2.8b,screenReader
12,26,0.1024,2.8b,screenReader
12,31,0.5948,2.8b,screenReader
14,21,0.1413,2.8b,screenReader
20,5,0.1015,2.8b,screenReader
20,12,0.3246,2.8b,screenReader
20,30,0.1686,2.8b,screenReader
21,24,0.1106,2.8b,screenReader
22,22,0.1219,2.8b,screenReader
22,30,0.1198,2.8b,screenReader
23,12,0.1287,2.8b,screenReader
24,4,0.2328,2.8b,screenReader
24,11,0.2201,2.8b,screenReader
25,1,0.2406,2.8b,screenReader
25,2,0.2485,2.8b,screenReader
25,4,0.1028,2.8b,screenReader
26,4,0.2144,2.8b,screenReader
27,10,0.3808,2.8b,screenReader
27,24,0.103,2.8b,screenReader
28,15,0.2576,2.8b,screenReader
29,7,0.9019,2.8b,screenReader
30,18,0.1253,2.8b,screenReader
30,20,0.1116,2.8b,screenReader
31,23,0.2225,2.8b,screenReader
0,0,0.1302,6.9b,altText
0,3,0.1207,6.9b,altText
0,5,0.2532,6.9b,altText
0,9,0.2676,6.9b,altText
0,11,0.5662,6.9b,altText
0,12,0.4891,6.9b,altText
0,15,0.2323,6.9b,altText
0,16,0.1883,6.9b,altText
0,20,0.1174,6.9b,altText
0,21,0.5791,6.9b,altText
0,24,0.1654,6.9b,altText
0,25,0.1352,6.9b,altText
0,27,0.1386,6.9b,altText
0,30,0.1932,6.9b,altText
0,31,0.151,6.9b,altText
1,2,0.1328,6.9b,altText
1,3,0.6486,6.9b,altText
1,6,0.8132,6.9b,altText
1,8,0.5388,6.9b,altText
1,10,0.5997,6.9b,altText
1,14,0.1782,6.9b,altText
1,16,0.3304,6.9b,altText
1,17,0.1121,6.9b,altText
1,18,0.7459,6.9b,altText
1,19,0.4908,6.9b,altText
1,20,0.6274,6.9b,altText
1,24,0.1033,6.9b,altText
1,25,0.4001,6.9b,altText
1,27,0.1838,6.9b,altText
1,29,0.2217,6.9b,altText
1,30,0.1167,6.9b,altText
2,6,0.2778,6.9b,altText
2,7,0.1888,6.9b,altText
2,8,0.8866,6.9b,altText
2,9,0.3148,6.9b,altText
2,10,0.444,6.9b,altText
2,11,0.1711,6.9b,altText
2,13,0.4273,6.9b,altText
2,16,0.1161,6.9b,altText
2,18,0.1227,6.9b,altText
2,20,0.1305,6.9b,altText
2,21,0.1683,6.9b,altText
2,22,0.323,6.9b,altText
2,26,0.3447,6.9b,altText
2,28,0.3259,6.9b,altText
2,29,0.2587,6.9b,altText
3,2,0.5728,6.9b,altText
3,3,0.8253,6.9b,altText
3,4,0.1398,6.9b,altText
3,5,0.1208,6.9b,altText
3,7,0.8838,6.9b,altText
3,10,0.5556,6.9b,altText
3,11,0.1491,6.9b,altText
3,14,0.8838,6.9b,altText
3,19,0.1008,6.9b,altText
3,20,0.1866,6.9b,altText
3,21,0.913,6.9b,altText
3,22,0.3734,6.9b,altText
3,23,0.9559,6.9b,altText
3,26,0.2287,6.9b,altText
3,27,0.1271,6.9b,altText
3,29,0.898,6.9b,altText
4,1,0.3056,6.9b,altText
4,3,0.2067,6.9b,altText
4,8,0.8536,6.9b,altText
4,9,0.4365,6.9b,altText
4,12,0.7339,6.9b,altText
4,15,0.159,6.9b,altText
4,21,0.1181,6.9b,altText
4,23,0.1119,6.9b,altText
4,25,0.4127,6.9b,altText
4,31,0.3409,6.9b,altText
5,4,0.2939,6.9b,altText
5,5,0.1251,6.9b,altText
5,8,0.5265,6.9b,altText
5,9,0.1343,6.9b,altText
5,10,0.7658,6.9b,altText
5,12,0.2235,6.9b,altText
5,31,0.1377,6.9b,altText
6,9,0.7646,6.9b,altText
6,23,0.2035,6.9b,altText
6,26,0.3125,6.9b,altText
6,31,0.1946,6.9b,altText
7,0,0.1432,6.9b,altText
7,29,0.1747,6.9b,altText
8,6,0.3824,6.9b,altText
8,19,0.619,6.9b,altText
8,25,0.142,6.9b,altText
8,31,0.1708,6.9b,altText
9,3,0.395,6.9b,altText
9,5,0.1063,6.9b,altText
10,8,0.3858,6.9b,altText
10,11,0.3461,6.9b,altText
10,12,0.4123,6.9b,altText
10,14,0.1911,6.9b,altText
10,17,0.604,6.9b,altText
10,21,0.1666,6.9b,altText
10,24,0.4903,6.9b,altText
10,25,0.1162,6.9b,altText
11,3,0.1193,6.9b,altText
11,5,0.5824,6.9b,altText
11,15,0.3988,6.9b,altText
11,19,0.1942,6.9b,altText
11,24,0.1592,6.9b,altText
11,27,0.2778,6.9b,altText
11,28,0.348,6.9b,altText
11,29,0.7501,6.9b,altText
11,31,0.1378,6.9b,altText
12,8,0.1661,6.9b,altText
12,15,0.1507,6.9b,altText
12,16,0.6146,6.9b,altText
12,17,0.2695,6.9b,altText
12,19,0.2037,6.9b,altText
12,20,0.1948,6.9b,altText
12,22,0.1323,6.9b,altText
12,23,0.6959,6.9b,altText
12,30,0.3169,6.9b,altText
12,31,0.1778,6.9b,altText
13,2,0.1303,6.9b,altText
13,7,0.1863,6.9b,altText
13,14,0.3805,6.9b,altText
13,15,0.1157,6.9b,altText
13,19,0.3364,6.9b,altText
13,21,0.143,6.9b,altText
13,23,0.1359,6.9b,altText
13,28,0.1883,6.9b,altText
13,29,0.1301,6.9b,altText
13,30,0.1086,6.9b,altText
14,3,0.1181,6.9b,altText
14,9,0.1141,6.9b,altText
14,10,0.6452,6.9b,altText
14,14,0.3623,6.9b,altText
14,20,0.4283,6.9b,altText
15,6,0.4756,6.9b,altText
15,9,0.4333,6.9b,altText
15,18,0.1377,6.9b,altText
15,19,0.2878,6.9b,altText
15,30,0.7155,6.9b,altText
16,3,0.2193,6.9b,altText
16,5,0.3043,6.9b,altText
16,21,0.1338,6.9b,altText
16,24,0.1467,6.9b,altText
16,25,0.1063,6.9b,altText
16,30,0.4784,6.9b,altText
17,4,0.3554,6.9b,altText
17,5,0.1189,6.9b,altText
17,8,0.243,6.9b,altText
17,20,0.3121,6.9b,altText
17,26,0.1134,6.9b,altText
17,29,0.1395,6.9b,altText
18,1,0.2561,6.9b,altText
18,2,0.542,6.9b,altText
18,12,0.7994,6.9b,altText
18,22,0.1513,6.9b,altText
18,26,0.1379,6.9b,altText
18,27,0.715,6.9b,altText
18,29,0.5211,6.9b,altText
19,0,0.7474,6.9b,altText
19,4,0.5995,6.9b,altText
19,7,0.1825,6.9b,altText
19,14,0.3578,6.9b,altText
19,26,0.2402,6.9b,altText
19,27,0.1418,6.9b,altText
19,28,0.1274,6.9b,altText
20,13,0.495,6.9b,altText
20,20,0.3884,6.9b,altText
21,0,0.273,6.9b,altText
21,9,0.1961,6.9b,altText
21,13,0.2412,6.9b,altText
21,14,0.1648,6.9b,altText
22,3,0.1372,6.9b,altText
22,10,0.2242,6.9b,altText
22,19,0.7631,6.9b,altText
22,25,0.1312,6.9b,altText
22,31,0.9106,6.9b,altText
23,13,0.4507,6.9b,altText
23,26,0.1022,6.9b,altText
24,3,0.4144,6.9b,altText
24,12,0.326,6.9b,altText
24,13,0.3049,6.9b,altText
24,26,0.1415,6.9b,altText
25,0,0.6351,6.9b,altText
25,27,0.6238,6.9b,altText
26,2,0.1087,6.9b,altText
26,5,0.6497,6.9b,altText
26,11,0.4855,6.9b,altText
26,13,0.5916,6.9b,altText
26,27,0.1302,6.9b,altText
27,0,0.8057,6.9b,altText
27,2,0.4472,6.9b,altText
27,8,0.2866,6.9b,altText
27,16,0.3312,6.9b,altText
27,18,0.3688,6.9b,altText
27,23,0.2544,6.9b,altText
27,26,0.4095,6.9b,altText
27,30,0.6663,6.9b,altText
28,2,0.8797,6.9b,altText
28,5,0.2097,6.9b,altText
28,17,0.3308,6.9b,altText
28,20,0.8505,6.9b,altText
28,22,0.2891,6.9b,altText
29,7,0.9846,6.9b,altText
29,9,0.1637,6.9b,altText
29,11,0.5347,6.9b,altText
29,15,0.424,6.9b,altText
29,20,0.3308,6.9b,altText
30,2,0.1226,6.9b,altText
30,17,0.3242,6.9b,altText
30,29,0.8171,6.9b,altText
30,30,0.3749,6.9b,altText
31,7,0.7971,6.9b,altText
31,21,0.1903,6.9b,altText
0,0,0.4176,160m,skipLink
0,2,0.1259,160m,skipLink
0,4,0.2408,160m,skipLink
0,8,0.4122,160m,skipLink
0,10,0.2044,160m,skipLink
1,1,0.1543,160m,skipLink
1,2,0.4528,160m,skipLink
1,5,0.1345,160m,skipLink
1,11,0.1871,160m,skipLink
2,1,0.3153,160m,skipLink
2,2,0.1251,160m,skipLink
2,3,0.1137,160m,skipLink
2,4,0.189,160m,skipLink
2,5,0.1562,160m,skipLink
2,6,0.2411,160m,skipLink
2,8,0.702,160m,skipLink
2,9,0.7013,160m,skipLink
2,11,0.1835,160m,skipLink
3,0,0.9526,160m,skipLink
3,1,0.2633,160m,skipLink
3,2,0.9774,160m,skipLink
3,4,0.4788,160m,skipLink
3,6,0.1155,160m,skipLink
3,9,0.4426,160m,skipLink
3,10,0.1968,160m,skipLink
3,11,0.1493,160m,skipLink
4,2,0.2511,160m,skipLink
4,4,0.1082,160m,skipLink
4,5,0.1087,160m,skipLink
4,9,0.2793,160m,skipLink
5,1,0.232,160m,skipLink
5,8,0.2666,160m,skipLink
5,11,0.4391,160m,skipLink
6,2,0.9175,160m,skipLink
6,3,0.4034,160m,skipLink
6,4,0.1084,160m,skipLink
6,5,0.2645,160m,skipLink
6,9,0.1335,160m,skipLink
7,7,0.8944,160m,skipLink
7,8,0.1475,160m,skipLink
9,0,0.2047,160m,skipLink
9,3,0.5488,160m,skipLink
10,1,0.9244,160m,skipLink
10,5,0.1101,160m,skipLink
10,9,0.8054,160m,skipLink
11,0,1.0,160m,skipLink
11,6,1.0,160m,skipLink
0,0,0.2054,2.8b,altText
0,2,0.5515,2.8b,altText
0,4,0.1028,2.8b,altText
0,5,0.1781,2.8b,altText
0,12,0.1094,2.8b,altText
0,14,0.2626,2.8b,altText
0,16,0.3038,2.8b,altText
0,17,0.3329,2.8b,altText
0,18,0.1211,2.8b,altText
0,20,0.1377,2.8b,altText
0,21,0.8182,2.8b,altText
0,22,0.2473,2.8b,altText
0,23,0.1406,2.8b,altText
0,25,0.1808,2.8b,altText
0,27,0.426,2.8b,altText
0,31,0.139,2.8b,altText
1,4,0.5717,2.8b,altText
1,5,0.2056,2.8b,altText
1,6,0.8808,2.8b,altText
1,8,0.2354,2.8b,altText
1,10,0.4503,2.8b,altText
1,11,0.8587,2.8b,altText
1,12,0.9844,2.8b,altText
1,14,0.8532,2.8b,altText
1,15,0.4037,2.8b,altText
1,16,0.9598,2.8b,altText
1,17,0.4894,2.8b,altText
1,20,0.1566,2.8b,altText
1,21,0.8146,2.8b,altText
1,22,0.4822,2.8b,altText
1,23,0.6607,2.8b,altText
1,24,0.4209,2.8b,altText
1,25,0.9899,2.8b,altText
1,27,0.1696,2.8b,altText
1,29,0.2554,2.8b,altText
1,30,0.7353,2.8b,altText
1,31,0.4976,2.8b,altText
2,0,0.1462,2.8b,altText
2,2,0.4322,2.8b,altText
2,5,0.1375,2.8b,altText
2,7,0.1028,2.8b,altText
2,10,0.2057,2.8b,altText
2,11,0.1634,2.8b,altText
2,17,0.1362,2.8b,altText
2,21,0.1219,2.8b,altText
2,24,0.1077,2.8b,altText
3,1,0.9875,2.8b,altText
3,2,0.1029,2.8b,altText
3,14,0.679,2.8b,altText
3,16,0.6263,2.8b,altText
3,20,0.9275,2.8b,altText
3,23,0.5636,2.8b,altText
3,24,0.945,2.8b,altText
3,26,0.5898,2.8b,altText
3,31,0.839,2.8b,altText
4,0,0.1008,2.8b,altText
4,6,0.1394,2.8b,altText
4,7,0.5774,2.8b,altText
4,8,0.1663,2.8b,altText
4,9,0.2436,2.8b,altText
4,10,0.151,2.8b,altText
4,16,0.8742,2.8b,altText
4,20,0.296,2.8b,altText
4,22,0.3537,2.8b,altText
4,25,0.309,2.8b,altText
5,6,0.2071,2.8b,altText
5,11,0.1279,2.8b,altText
5,12,0.6585,2.8b,altText
5,13,0.3995,2.8b,altText
5,23,0.1977,2.8b,altText
5,26,0.5295,2.8b,altText
5,29,0.751,2.8b,altText
6,3,0.195,2.8b,altText
6,6,0.2279,2.8b,altText
6,13,0.4314,2.8b,altText
7,14,0.3781,2.8b,altText
7,15,0.1069,2.8b,altText
7,21,0.2156,2.8b,altText
8,3,0.1295,2.8b,altText
8,5,0.1419,2.8b,altText
8,9,0.1931,2.8b,altText
8,10,0.2286,2.8b,altText
8,12,0.1427,2.8b,altText
8,13,0.4524,2.8b,altText
8,19,0.2802,2.8b,altText
8,20,0.1839,2.8b,altText
8,22,0.4439,2.8b,altText
9,1,0.222,2.8b,altText
9,4,0.1046,2.8b,altText
9,9,0.4029,2.8b,altText
9,12,0.1052,2.8b,altText
9,16,0.1328,2.8b,altText
9,18,0.2425,2.8b,altText
9,19,0.1475,2.8b,altText
9,21,0.1475,2.8b,altText
9,25,0.1869,2.8b,altText
9,27,0.2981,2.8b,altText
10,1,0.4915,2.8b,altText
10,6,0.153,2.8b,altText
10,7,0.1379,2.8b,altText
10,14,0.1712,2.8b,altText
10,19,0.4605,2.8b,altText
10,21,0.3199,2.8b,altText
10,22,0.2335,2.8b,altText
10,26,0.3722,2.8b,altText
10,27,0.7194,2.8b,altText
10,29,0.1016,2.8b,altText
10,31,0.1146,2.8b,altText
11,1,0.1433,2.8b,altText
11,2,0.105,2.8b,altText
11,5,0.1843,2.8b,altText
11,10,0.2441,2.8b,altText
11,16,0.1154,2.8b,altText
11,27,0.144,2.8b,altText
12,6,0.1394,2.8b,altText
12,10,0.1167,2.8b,altText
12,14,0.2425,2.8b,altText
12,17,0.1599,2.8b,altText
12,21,0.203,2.8b,altText
12,31,0.656,2.8b,altText
13,25,0.1442,2.8b,altText
14,5,0.2387,2.8b,altText
14,8,0.1776,2.8b,altText
14,9,0.1662,2.8b,altText
14,11,0.115,2.8b,altText
14,12,0.2027,2.8b,altText
14,18,0.1607,2.8b,altText
14,19,0.1267,2.8b,altText
14,22,0.1016,2.8b,altText
14,24,0.142,2.8b,altText
14,29,0.1377,2.8b,altText
15,5,0.2183,2.8b,altText
15,7,0.1408,2.8b,altText
15,16,0.2694,2.8b,altText
15,19,0.2338,2.8b,altText
15,22,0.184,2.8b,altText
16,7,0.2036,2.8b,altText
16,14,0.2373,2.8b,altText
16,15,0.3452,2.8b,altText
16,21,0.2692,2.8b,altText
16,23,0.2922,2.8b,altText
16,26,0.457,2.8b,altText
16,28,0.3801,2.8b,altText
17,2,0.1103,2.8b,altText
17,11,0.1799,2.8b,altText
17,13,0.1811,2.8b,altText
17,16,0.4001,2.8b,altText
17,20,0.5083,2.8b,altText
17,30,0.174,2.8b,altText
18,13,0.1668,2.8b,altText
19,14,0.1848,2.8b,altText
19,15,0.1058,2.8b,altText
19,26,0.105,2.8b,altText
19,28,0.1448,2.8b,altText
20,2,0.1161,2.8b,altText
20,5,0.512,2.8b,altText
20,12,0.1365,2.8b,altText
20,23,0.1527,2.8b,altText
20,28,0.131,2.8b,altText
21,0,0.1481,2.8b,altText
21,6,0.9165,2.8b,altText
21,15,0.2698,2.8b,altText
22,8,0.2422,2.8b,altText
22,22,0.1443,2.8b,altText
22,27,0.2012,2.8b,altText
23,11,0.1269,2.8b,altText
23,15,0.5274,2.8b,altText
23,16,0.2088,2.8b,altText
23,18,0.2706,2.8b,altText
23,19,0.1897,2.8b,altText
23,21,0.3405,2.8b,altText
23,29,0.1237,2.8b,altText
23,31,0.1056,2.8b,altText
24,9,0.2385,2.8b,altText
24,12,0.2833,2.8b,altText
24,25,0.3852,2.8b,altText
25,2,0.8689,2.8b,altText
25,10,0.1728,2.8b,altText
25,24,0.1691,2.8b,altText
26,9,0.7347,2.8b,altText
26,23,0.1185,2.8b,altText
27,9,0.6855,2.8b,altText
27,10,0.2252,2.8b,altText
27,13,0.2022,2.8b,altText
27,24,0.1688,2.8b,altText
27,28,0.5691,2.8b,altText
28,1,0.8669,2.8b,altText
28,2,0.5041,2.8b,altText
28,4,0.5028,2.8b,altText
28,15,0.4097,2.8b,altText
28,28,0.5259,2.8b,altText
29,0,0.2858,2.8b,altText
29,13,0.3103,2.8b,altText
29,20,0.2731,2.8b,altText
29,24,0.4474,2.8b,altText
30,4,0.5508,2.8b,altText
30,20,0.1935,2.8b,altText
30,29,0.3115,2.8b,altText
30,31,0.1877,2.8b,altText
31,10,0.3714,2.8b,altText
0,1,0.109,12b,screenReader
0,3,0.3456,12b,screenReader
0,5,0.2662,12b,screenReader
0,6,0.4179,12b,screenReader
0,7,0.152,12b,screenReader
0,9,0.2361,12b,screenReader
0,11,0.1377,12b,screenReader
0,14,0.1256,12b,screenReader
0,16,0.1656,12b,screenReader
0,18,0.2596,12b,screenReader
0,19,0.2179,12b,screenReader
0,20,0.281,12b,screenReader
0,25,0.1916,12b,screenReader
0,26,0.3342,12b,screenReader
0,27,0.2209,12b,screenReader
0,29,0.1319,12b,screenReader
0,30,0.521,12b,screenReader
0,31,0.5049,12b,screenReader
0,32,0.2087,12b,screenReader
0,33,0.1005,12b,screenReader
0,35,0.1692,12b,screenReader
0,36,0.3913,12b,screenReader
0,38,0.2092,12b,screenReader
0,39,0.3377,12b,screenReader
1,0,0.197,12b,screenReader
1,2,0.1704,12b,screenReader
1,8,0.1716,12b,screenReader
1,9,0.1337,12b,screenReader
1,12,0.1887,12b,screenReader
1,13,0.1648,12b,screenReader
1,14,0.8221,12b,screenReader
1,15,0.9905,12b,screenReader
1,16,0.1971,12b,screenReader
1,20,0.154,12b,screenReader
1,21,0.3436,12b,screenReader
1,22,0.2073,12b,screenReader
1,23,0.1492,12b,screenReader
1,24,0.8421,12b,screenReader
1,26,0.968,12b,screenReader
1,28,0.1184,12b,screenReader
1,31,0.1175,12b,screenReader
1,33,0.1816,12b,screenReader
1,34,0.2885,12b,screenReader
1,35,0.5382,12b,screenReader
1,36,0.1318,12b,screenReader
1,37,0.5627,12b,screenReader
1,38,0.8783,12b,screenReader
2,0,0.5919,12b,screenReader
2,4,0.7344,12b,screenReader
2,7,0.9078,12b,screenReader
2,11,0.1096,12b,screenReader
2,12,0.7227,12b,screenReader
2,13,0.2777,12b,screenReader
2,14,0.7808,12b,screenReader
2,16,0.5962,12b,screenReader
2,18,0.6791,12b,screenReader
2,19,0.8211,12b,screenReader
2,20,0.2145,12b,screenReader
2,22,0.9675,12b,screenReader
2,32,0.9486,12b,screenReader
2,34,0.3069,12b,screenReader
2,38,0.1907,12b,screenReader
3,0,0.1766,12b,screenReader
3,2,0.5186,12b,screenReader
3,3,0.274,12b,screenReader
3,4,0.1032,12b,screenReader
3,7,0.9079,12b,screenReader
3,8,0.7739,12b,screenReader
3,15,0.1558,12b,screenReader
3,20,0.1332,12b,screenReader
3,21,0.7965,12b,screenReader
3,30,0.9091,12b,screenReader
3,32,0.4188,12b,screenReader
3,38,0.1288,12b,screenReader
4,27,0.198,12b,screenReader
4,37,0.1618,12b,screenReader
5,5,0.1702,12b,screenReader
5,28,0.5676,12b,screenReader
6,6,0.4797,12b,screenReader
7,31,0.5419,12b,screenReader
8,13,0.1481,12b,screenReader
8,32,0.2545,12b,screenReader
9,25,0.1852,12b,screenReader
9,34,0.5467,12b,screenReader
9,35,0.4042,12b,screenReader
10,1,0.2102,12b,screenReader
11,13,0.8228,12b,screenReader
11,20,0.1676,12b,screenReader
12,15,0.1166,12b,screenReader
12,32,0.1938,12b,screenReader
14,7,0.5557,12b,screenReader
15,8,0.4353,12b,screenReader
16,1,0.1159,12b,screenReader
16,32,0.1126,12b,screenReader
16,37,0.185,12b,screenReader
18,24,0.2061,12b,screenReader
18,35,0.2807,12b,screenReader
19,11,0.3547,12b,screenReader
19,15,0.7426,12b,screenReader
19,28,0.1422,12b,screenReader
19,33,0.1043,12b,screenReader
25,2,0.1161,12b,screenReader
25,28,0.2419,12b,screenReader
26,9,0.1416,12b,screenReader
29,34,0.1365,12b,screenReader
30,0,0.5217,12b,screenReader
32,1,0.12,12b,screenReader
32,35,0.4841,12b,screenReader
33,0,0.7644,12b,screenReader
33,16,0.8766,12b,screenReader
33,19,0.1611,12b,screenReader
33,27,0.1136,12b,screenReader
33,32,0.5907,12b,screenReader
33,33,0.558,12b,screenReader
33,35,0.4924,12b,screenReader
34,2,0.2432,12b,screenReader
34,12,0.5394,12b,screenReader
34,37,0.1008,12b,screenReader
35,2,0.2998,12b,screenReader
0,0,0.1406,6.9b,screenReader
0,2,0.2945,6.9b,screenReader
0,3,0.3482,6.9b,screenReader
0,4,0.1009,6.9b,screenReader
0,5,0.7073,6.9b,screenReader
0,9,0.2789,6.9b,screenReader
0,11,0.6327,6.9b,screenReader
0,12,0.361,6.9b,screenReader
0,14,0.2445,6.9b,screenReader
0,15,0.2213,6.9b,screenReader
0,17,0.1178,6.9b,screenReader
0,18,0.1506,6.9b,screenReader
0,21,0.3076,6.9b,screenReader
0,24,0.3638,6.9b,screenReader
0,25,0.1353,6.9b,screenReader
0,27,0.371,6.9b,screenReader
0,30,0.5253,6.9b,screenReader
0,31,0.4358,6.9b,screenReader
1,0,0.1722,6.9b,screenReader
1,1,0.3304,6.9b,screenReader
1,2,0.7904,6.9b,screenReader
1,3,0.5188,6.9b,screenReader
1,4,0.1685,6.9b,screenReader
1,6,0.9601,6.9b,screenReader
1,7,0.5518,6.9b,screenReader
1,8,0.9063,6.9b,screenReader
1,9,0.1688,6.9b,screenReader
1,11,0.3141,6.9b,screenReader
1,12,0.2479,6.9b,screenReader
1,13,0.7388,6.9b,screenReader
1,14,0.7421,6.9b,screenReader
1,15,0.5903,6.9b,screenReader
1,16,0.2754,6.9b,screenReader
1,17,0.1699,6.9b,screenReader
1,18,0.8697,6.9b,screenReader
1,19,0.5147,6.9b,screenReader
1,20,0.9127,6.9b,screenReader
1,22,0.1488,6.9b,screenReader
1,23,0.2119,6.9b,screenReader
1,24,0.3879,6.9b,screenReader
1,25,0.5847,6.9b,screenReader
1,27,0.6847,6.9b,screenReader
1,28,0.5831,6.9b,screenReader
1,30,0.4386,6.9b,screenReader
2,5,0.8408,6.9b,screenReader
2,6,0.259,6.9b,screenReader
2,7,0.3291,6.9b,screenReader
2,8,0.9694,6.9b,screenReader
2,9,0.3488,6.9b,screenReader
2,10,0.9693,6.9b,screenReader
2,11,0.2154,6.9b,screenReader
2,12,0.3238,6.9b,screenReader
2,13,0.2419,6.9b,screenReader
2,14,0.1329,6.9b,screenReader
2,15,0.1106,6.9b,screenReader
2,16,0.8577,6.9b,screenReader
2,18,0.986,6.9b,screenReader
2,20,0.2603,6.9b,screenReader
2,21,0.174,6.9b,screenReader
2,22,0.8503,6.9b,screenReader
2,24,0.2228,6.9b,screenReader
2,25,0.1855,6.9b,screenReader
2,28,0.2213,6.9b,screenReader
2,31,0.4883,6.9b,screenReader
3,2,0.7635,6.9b,screenReader
3,3,0.4235,6.9b,screenReader
3,7,0.8412,6.9b,screenReader
3,9,0.2096,6.9b,screenReader
3,10,0.3007,6.9b,screenReader
3,14,0.941,6.9b,screenReader
3,21,0.2023,6.9b,screenReader
3,22,0.2789,6.9b,screenReader
3,23,0.9371,6.9b,screenReader
3,24,0.2573,6.9b,screenReader
3,26,0.3768,6.9b,screenReader
3,29,0.8004,6.9b,screenReader
3,30,0.1124,6.9b,screenReader
4,8,0.2213,6.9b,screenReader
4,9,0.5028,6.9b,screenReader
4,10,0.2373,6.9b,screenReader
4,12,0.6377,6.9b,screenReader
4,26,0.1494,6.9b,screenReader
4,27,0.403,6.9b,screenReader
4,31,0.4412,6.9b,screenReader
5,10,0.7454,6.9b,screenReader
5,12,0.11,6.9b,screenReader
5,31,0.1059,6.9b,screenReader
6,9,0.5744,6.9b,screenReader
6,27,0.132,6.9b,screenReader
6,31,0.29,6.9b,screenReader
7,28,0.2259,6.9b,screenReader
8,6,0.3485,6.9b,screenReader
9,3,0.3223,6.9b,screenReader
10,14,0.2089,6.9b,screenReader
10,24,0.7193,6.9b,screenReader
11,24,0.1949,6.9b,screenReader
11,27,0.1147,6.9b,screenReader
13,14,0.274,6.9b,screenReader
15,0,0.2408,6.9b,screenReader
16,24,0.109,6.9b,screenReader
18,12,0.7683,6.9b,screenReader
19,0,0.2167,6.9b,screenReader
20,1,0.1093,6.9b,screenReader
20,13,0.1791,6.9b,screenReader
21,3,0.1916,6.9b,screenReader
21,7,0.2995,6.9b,screenReader
21,13,0.1439,6.9b,screenReader
22,16,0.1193,6.9b,screenReader
23,0,0.1158,6.9b,screenReader
25,20,0.1887,6.9b,screenReader
27,0,0.2258,6.9b,screenReader
27,11,0.4976,6.9b,screenReader
27,18,0.2839,6.9b,screenReader
28,17,0.1316,6.9b,screenReader
28,20,0.6518,6.9b,screenReader
28,25,0.2799,6.9b,screenReader
29,8,0.135,6.9b,screenReader
29,14,0.1383,6.9b,screenReader
29,15,0.2641,6.9b,screenReader
30,5,0.2593,6.9b,screenReader
30,16,0.1313,6.9b,screenReader
30,29,0.7307,6.9b,screenReader
0,0,0.5725,410m,skipLink
0,4,0.261,410m,skipLink
0,6,0.2996,410m,skipLink
0,7,0.7261,410m,skipLink
0,9,0.2504,410m,skipLink
0,10,0.1285,410m,skipLink
0,14,0.3296,410m,skipLink
1,2,0.5343,410m,skipLink
1,3,0.3215,410m,skipLink
1,5,0.6262,410m,skipLink
1,6,0.5156,410m,skipLink
1,10,0.3676,410m,skipLink
1,11,0.2584,410m,skipLink
1,12,0.3407,410m,skipLink
1,14,0.5596,410m,skipLink
2,7,0.113,410m,skipLink
2,9,0.1855,410m,skipLink
3,1,0.9128,410m,skipLink
3,3,0.2682,410m,skipLink
3,4,0.2377,410m,skipLink
3,5,0.3044,410m,skipLink
3,6,0.6873,410m,skipLink
3,8,0.1163,410m,skipLink
3,10,0.2773,410m,skipLink
3,12,0.2096,410m,skipLink
4,8,0.1025,410m,skipLink
4,9,0.8613,410m,skipLink
4,12,0.109,410m,skipLink
4,13,0.2593,410m,skipLink
4,14,0.1333,410m,skipLink
5,1,0.1168,410m,skipLink
5,2,0.8853,410m,skipLink
5,3,0.2553,410m,skipLink
5,5,0.4646,410m,skipLink
5,9,0.5159,410m,skipLink
5,15,0.1402,410m,skipLink
6,5,0.3427,410m,skipLink
6,11,0.1462,410m,skipLink
6,12,0.2195,410m,skipLink
6,13,0.3832,410m,skipLink
7,2,0.1281,410m,skipLink
8,0,0.3168,410m,skipLink
8,2,0.1844,410m,skipLink
9,5,0.7146,410m,skipLink
9,10,0.1184,410m,skipLink
9,13,0.1006,410m,skipLink
10,1,0.1762,410m,skipLink
10,2,0.6105,410m,skipLink
10,5,0.2103,410m,skipLink
10,14,0.2952,410m,skipLink
11,8,0.2038,410m,skipLink
11,9,0.1258,410m,skipLink
11,11,0.3757,410m,skipLink
11,12,0.1205,410m,skipLink
12,4,0.2734,410m,skipLink
12,5,0.4051,410m,skipLink
12,13,0.3555,410m,skipLink
13,0,0.3204,410m,skipLink
13,8,0.1802,410m,skipLink
14,11,0.1432,410m,skipLink
15,4,0.2381,410m,skipLink
15,11,0.1456,410m,skipLink
17,0,0.1425,410m,skipLink
17,4,0.2089,410m,skipLink
17,14,0.3156,410m,skipLink
19,14,0.1437,410m,skipLink
20,2,0.1173,410m,skipLink
21,2,0.9205,410m,skipLink
21,4,0.1279,410m,skipLink
21,7,0.197,410m,skipLink
21,14,0.2524,410m,skipLink
22,2,0.999,410m,skipLink
22,3,0.1504,410m,skipLink
22,6,0.835,410m,skipLink
22,8,0.9993,410m,skipLink
22,10,0.8177,410m,skipLink
22,11,0.1863,410m,skipLink
23,5,0.6442,410m,skipLink
23,6,0.999,410m,skipLink
23,7,0.2755,410m,skipLink
23,8,0.791,410m,skipLink
0,2,0.1091,6.9b,skipLink
0,3,0.1939,6.9b,skipLink
0,5,0.218,6.9b,skipLink
0,9,0.2651,6.9b,skipLink
0,11,0.3819,6.9b,skipLink
0,12,0.4634,6.9b,skipLink
0,15,0.331,6.9b,skipLink
0,17,0.1107,6.9b,skipLink
0,19,0.118,6.9b,skipLink
0,21,0.2223,6.9b,skipLink
0,24,0.1292,6.9b,skipLink
0,27,0.2842,6.9b,skipLink
0,30,0.4119,6.9b,skipLink
1,0,0.1346,6.9b,skipLink
1,1,0.1393,6.9b,skipLink
1,3,0.136,6.9b,skipLink
1,6,0.8553,6.9b,skipLink
1,8,0.3829,6.9b,skipLink
1,10,0.3234,6.9b,skipLink
1,12,0.4024,6.9b,skipLink
1,14,0.2472,6.9b,skipLink
1,16,0.1023,6.9b,skipLink
1,18,0.6308,6.9b,skipLink
1,19,0.1375,6.9b,skipLink
1,20,0.6808,6.9b,skipLink
1,22,0.2645,6.9b,skipLink
1,24,0.1776,6.9b,skipLink
1,25,0.9587,6.9b,skipLink
1,27,0.1914,6.9b,skipLink
1,28,0.2934,6.9b,skipLink
1,29,0.1849,6.9b,skipLink
1,30,0.1438,6.9b,skipLink
2,3,0.1014,6.9b,skipLink
2,5,0.4686,6.9b,skipLink
2,6,0.1798,6.9b,skipLink
2,7,0.2601,6.9b,skipLink
2,8,0.673,6.9b,skipLink
2,10,0.5929,6.9b,skipLink
2,13,0.1219,6.9b,skipLink
2,16,0.4887,6.9b,skipLink
2,18,0.3469,6.9b,skipLink
2,22,0.6012,6.9b,skipLink
2,25,0.2078,6.9b,skipLink
2,28,0.5086,6.9b,skipLink
2,29,0.1096,6.9b,skipLink
2,31,0.2389,6.9b,skipLink
3,2,0.703,6.9b,skipLink
3,3,0.2778,6.9b,skipLink
3,5,0.4636,6.9b,skipLink
3,7,0.8821,6.9b,skipLink
3,10,0.4366,6.9b,skipLink
3,14,0.9815,6.9b,skipLink
3,20,0.1421,6.9b,skipLink
3,21,0.5731,6.9b,skipLink
3,22,0.1796,6.9b,skipLink
3,23,0.9757,6.9b,skipLink
3,26,0.3579,6.9b,skipLink
3,27,0.1283,6.9b,skipLink
3,29,0.841,6.9b,skipLink
3,31,0.1562,6.9b,skipLink
4,1,0.1329,6.9b,skipLink
4,9,0.8515,6.9b,skipLink
4,12,0.3604,6.9b,skipLink
4,24,0.3639,6.9b,skipLink
4,25,0.125,6.9b,skipLink
4,28,0.1291,6.9b,skipLink
4,31,0.1267,6.9b,skipLink
5,4,0.1409,6.9b,skipLink
5,8,0.7408,6.9b,skipLink
5,9,0.4707,6.9b,skipLink
5,10,0.7145,6.9b,skipLink
6,9,0.7447,6.9b,skipLink
6,15,0.2767,6.9b,skipLink
6,17,0.2803,6.9b,skipLink
6,23,0.1369,6.9b,skipLink
6,27,0.1222,6.9b,skipLink
6,31,0.1654,6.9b,skipLink
7,5,0.1372,6.9b,skipLink
7,18,0.1435,6.9b,skipLink
8,6,0.3664,6.9b,skipLink
8,19,0.1326,6.9b,skipLink
8,20,0.1184,6.9b,skipLink
8,28,0.1105,6.9b,skipLink
9,3,0.5482,6.9b,skipLink
9,26,0.1453,6.9b,skipLink
9,28,0.2728,6.9b,skipLink
10,7,0.2728,6.9b,skipLink
10,14,0.5602,6.9b,skipLink
10,17,0.1295,6.9b,skipLink
10,21,0.1425,6.9b,skipLink
10,24,0.6057,6.9b,skipLink
10,26,0.2812,6.9b,skipLink
10,29,0.2016,6.9b,skipLink
11,19,0.5654,6.9b,skipLink
11,24,0.2357,6.9b,skipLink
11,27,0.1942,6.9b,skipLink
11,29,0.3594,6.9b,skipLink
12,8,0.147,6.9b,skipLink
12,12,0.1454,6.9b,skipLink
12,16,0.1989,6.9b,skipLink
12,17,0.1056,6.9b,skipLink
12,20,0.104,6.9b,skipLink
12,23,0.2256,6.9b,skipLink
12,28,0.29,6.9b,skipLink
13,2,0.2543,6.9b,skipLink
13,28,0.1184,6.9b,skipLink
13,29,0.1487,6.9b,skipLink
13,30,0.149,6.9b,skipLink
14,3,0.1411,6.9b,skipLink
14,10,0.2283,6.9b,skipLink
14,14,0.2786,6.9b,skipLink
14,21,0.175,6.9b,skipLink
15,5,0.1578,6.9b,skipLink
15,6,0.1741,6.9b,skipLink
15,9,0.1431,6.9b,skipLink
16,5,0.2141,6.9b,skipLink
16,13,0.2004,6.9b,skipLink
16,21,0.1537,6.9b,skipLink
16,22,0.1039,6.9b,skipLink
16,30,0.2192,6.9b,skipLink
17,4,0.2509,6.9b,skipLink
17,8,0.1696,6.9b,skipLink
17,12,0.1689,6.9b,skipLink
18,1,0.117,6.9b,skipLink
18,12,0.9732,6.9b,skipLink
18,16,0.1829,6.9b,skipLink
18,26,0.1207,6.9b,skipLink
19,0,0.2811,6.9b,skipLink
19,12,0.2273,6.9b,skipLink
20,0,0.1519,6.9b,skipLink
20,12,0.1123,6.9b,skipLink
20,13,0.1668,6.9b,skipLink
21,3,0.7698,6.9b,skipLink
21,7,0.4746,6.9b,skipLink
21,13,0.2459,6.9b,skipLink
22,12,0.1725,6.9b,skipLink
22,14,0.1363,6.9b,skipLink
22,19,0.653,6.9b,skipLink
24,21,0.1464,6.9b,skipLink
25,20,0.1088,6.9b,skipLink
25,27,0.378,6.9b,skipLink
26,3,0.1757,6.9b,skipLink
26,13,0.5966,6.9b,skipLink
26,25,0.2063,6.9b,skipLink
27,0,0.4921,6.9b,skipLink
27,2,0.2422,6.9b,skipLink
27,18,0.7197,6.9b,skipLink
27,30,0.8328,6.9b,skipLink
28,2,0.9172,6.9b,skipLink
28,17,0.2482,6.9b,skipLink
28,20,0.9088,6.9b,skipLink
28,21,0.2129,6.9b,skipLink
28,25,0.2638,6.9b,skipLink
29,7,0.9295,6.9b,skipLink
29,15,0.3252,6.9b,skipLink
30,29,0.3495,6.9b,skipLink
30,30,0.1803,6.9b,skipLink
31,7,0.3476,6.9b,skipLink
0,0,0.2044,1b,skipLink
0,1,0.2218,1b,skipLink
0,3,0.7983,1b,skipLink
0,5,0.2556,1b,skipLink
1,0,0.3332,1b,skipLink
1,1,0.1069,1b,skipLink
1,2,0.1149,1b,skipLink
1,3,0.7668,1b,skipLink
1,4,0.8488,1b,skipLink
1,6,0.2586,1b,skipLink
2,0,0.4117,1b,skipLink
2,1,0.1803,1b,skipLink
2,2,0.1179,1b,skipLink
2,3,0.1345,1b,skipLink
2,4,0.3557,1b,skipLink
2,6,0.4078,1b,skipLink
3,5,0.9994,1b,skipLink
3,6,0.9288,1b,skipLink
3,7,0.6938,1b,skipLink
5,5,0.2038,1b,skipLink
6,3,0.8928,1b,skipLink
7,3,0.1264,1b,skipLink
7,4,0.1464,1b,skipLink
7,6,0.3114,1b,skipLink
10,1,0.1201,1b,skipLink
12,5,0.1273,1b,skipLink
13,0,0.1301,1b,skipLink
13,4,0.2606,1b,skipLink
13,5,0.1636,1b,skipLink
14,0,0.1255,1b,skipLink
14,3,0.1983,1b,skipLink
15,0,0.1488,1b,skipLink
15,2,0.2602,1b,skipLink
15,5,0.3076,1b,skipLink
15,7,0.129,1b,skipLink
0,0,0.1252,2.8b,skipLink
0,2,0.6708,2.8b,skipLink
0,4,0.3352,2.8b,skipLink
0,5,0.3582,2.8b,skipLink
0,6,0.3704,2.8b,skipLink
0,8,0.3425,2.8b,skipLink
0,10,0.1076,2.8b,skipLink
0,11,0.3146,2.8b,skipLink
0,14,0.4753,2.8b,skipLink
0,16,0.7189,2.8b,skipLink
0,17,0.1585,2.8b,skipLink
0,20,0.7134,2.8b,skipLink
0,21,0.3421,2.8b,skipLink
0,22,0.5276,2.8b,skipLink
0,23,0.1199,2.8b,skipLink
0,25,0.1598,2.8b,skipLink
0,27,0.1168,2.8b,skipLink
0,30,0.4211,2.8b,skipLink
0,31,0.1773,2.8b,skipLink
1,2,0.1407,2.8b,skipLink
1,4,0.3355,2.8b,skipLink
1,6,0.9212,2.8b,skipLink
1,11,0.826,2.8b,skipLink
1,12,0.9839,2.8b,skipLink
1,14,0.4835,2.8b,skipLink
1,15,0.4334,2.8b,skipLink
1,17,0.4711,2.8b,skipLink
1,18,0.2485,2.8b,skipLink
1,20,0.1665,2.8b,skipLink
1,21,0.5002,2.8b,skipLink
1,22,0.4671,2.8b,skipLink
1,23,0.3687,2.8b,skipLink
1,24,0.3206,2.8b,skipLink
1,25,0.6735,2.8b,skipLink
1,27,0.3561,2.8b,skipLink
1,29,0.4463,2.8b,skipLink
1,30,0.3255,2.8b,skipLink
1,31,0.3092,2.8b,skipLink
2,1,0.1214,2.8b,skipLink
2,2,0.1019,2.8b,skipLink
2,5,0.3385,2.8b,skipLink
2,8,0.1355,2.8b,skipLink
2,11,0.1395,2.8b,skipLink
2,17,0.2091,2.8b,skipLink
2,20,0.1798,2.8b,skipLink
2,22,0.2978,2.8b,skipLink
2,27,0.2281,2.8b,skipLink
2,28,0.1466,2.8b,skipLink
2,31,0.1269,2.8b,skipLink
3,0,0.3165,2.8b,skipLink
3,1,0.7867,2.8b,skipLink
3,5,0.1213,2.8b,skipLink
3,10,0.2066,2.8b,skipLink
3,14,0.268,2.8b,skipLink
3,15,0.1683,2.8b,skipLink
3,16,0.2507,2.8b,skipLink
3,23,0.8716,2.8b,skipLink
3,31,0.1194,2.8b,skipLink
4,4,0.1912,2.8b,skipLink
4,10,0.5649,2.8b,skipLink
4,16,0.8858,2.8b,skipLink
4,21,0.1183,2.8b,skipLink
4,25,0.5351,2.8b,skipLink
4,26,0.1647,2.8b,skipLink
5,13,0.2838,2.8b,skipLink
5,17,0.3219,2.8b,skipLink
5,20,0.1612,2.8b,skipLink
5,29,0.2435,2.8b,skipLink
6,6,0.8367,2.8b,skipLink
6,13,0.523,2.8b,skipLink
7,9,0.3243,2.8b,skipLink
7,15,0.5108,2.8b,skipLink
7,29,0.1278,2.8b,skipLink
8,9,0.1406,2.8b,skipLink
8,10,0.1555,2.8b,skipLink
8,11,0.2141,2.8b,skipLink
8,12,0.1418,2.8b,skipLink
8,13,0.1628,2.8b,skipLink
8,16,0.1158,2.8b,skipLink
8,20,0.788,2.8b,skipLink
8,22,0.2137,2.8b,skipLink
9,16,0.1645,2.8b,skipLink
9,18,0.2273,2.8b,skipLink
9,19,0.1088,2.8b,skipLink
9,27,0.1174,2.8b,skipLink
9,30,0.5442,2.8b,skipLink
10,1,0.1483,2.8b,skipLink
10,3,0.1063,2.8b,skipLink
10,6,0.586,2.8b,skipLink
10,14,0.2538,2.8b,skipLink
10,16,0.1586,2.8b,skipLink
10,19,0.5557,2.8b,skipLink
10,21,0.1525,2.8b,skipLink
10,22,0.1931,2.8b,skipLink
10,26,0.5892,2.8b,skipLink
10,27,0.8068,2.8b,skipLink
10,30,0.2335,2.8b,skipLink
11,2,0.2176,2.8b,skipLink
11,3,0.1102,2.8b,skipLink
11,8,0.1524,2.8b,skipLink
11,12,0.1497,2.8b,skipLink
11,23,0.1523,2.8b,skipLink
12,6,0.1802,2.8b,skipLink
12,10,0.2233,2.8b,skipLink
12,14,0.7879,2.8b,skipLink
12,15,0.1916,2.8b,skipLink
12,21,0.1994,2.8b,skipLink
12,31,0.6304,2.8b,skipLink
13,12,0.1187,2.8b,skipLink
13,17,0.4571,2.8b,skipLink
13,25,0.1911,2.8b,skipLink
13,31,0.2003,2.8b,skipLink
14,5,0.1497,2.8b,skipLink
14,8,0.1002,2.8b,skipLink
14,12,0.298,2.8b,skipLink
14,18,0.2658,2.8b,skipLink
14,24,0.1871,2.8b,skipLink
15,5,0.5522,2.8b,skipLink
15,7,0.1962,2.8b,skipLink
15,17,0.4155,2.8b,skipLink
15,19,0.515,2.8b,skipLink
15,20,0.2091,2.8b,skipLink
15,22,0.1753,2.8b,skipLink
16,15,0.1449,2.8b,skipLink
16,23,0.1352,2.8b,skipLink
16,26,0.3344,2.8b,skipLink
17,11,0.1676,2.8b,skipLink
17,19,0.1504,2.8b,skipLink
17,20,0.3926,2.8b,skipLink
18,1,0.1516,2.8b,skipLink
19,6,0.1717,2.8b,skipLink
19,8,0.1015,2.8b,skipLink
20,1,0.1496,2.8b,skipLink
20,5,0.3618,2.8b,skipLink
20,12,0.187,2.8b,skipLink
20,17,0.4673,2.8b,skipLink
20,26,0.1174,2.8b,skipLink
20,28,0.1362,2.8b,skipLink
20,30,0.4082,2.8b,skipLink
21,4,0.139,2.8b,skipLink
21,6,0.1828,2.8b,skipLink
21,15,0.7508,2.8b,skipLink
22,5,0.1636,2.8b,skipLink
22,15,0.1357,2.8b,skipLink
22,22,0.1505,2.8b,skipLink
23,12,0.4119,2.8b,skipLink
23,15,0.1888,2.8b,skipLink
23,18,0.239,2.8b,skipLink
23,25,0.1841,2.8b,skipLink
23,29,0.1903,2.8b,skipLink
23,31,0.1216,2.8b,skipLink
24,4,0.1211,2.8b,skipLink
24,11,0.2286,2.8b,skipLink
24,17,0.178,2.8b,skipLink
25,4,0.3608,2.8b,skipLink
25,10,0.1022,2.8b,skipLink
25,24,0.2079,2.8b,skipLink
25,28,0.215,2.8b,skipLink
26,27,0.1174,2.8b,skipLink
27,6,0.1084,2.8b,skipLink
27,8,0.2505,2.8b,skipLink
27,9,0.8458,2.8b,skipLink
27,10,0.2009,2.8b,skipLink
27,13,0.8061,2.8b,skipLink
27,22,0.1154,2.8b,skipLink
27,27,0.5743,2.8b,skipLink
27,28,0.8273,2.8b,skipLink
27,29,0.1616,2.8b,skipLink
28,1,0.9452,2.8b,skipLink
28,15,0.1568,2.8b,skipLink
28,28,0.1374,2.8b,skipLink
29,0,0.4252,2.8b,skipLink
29,13,0.2723,2.8b,skipLink
29,25,0.5201,2.8b,skipLink
30,4,0.9949,2.8b,skipLink
30,7,0.1114,2.8b,skipLink
30,20,0.1448,2.8b,skipLink
30,29,0.9671,2.8b,skipLink
30,31,0.3941,2.8b,skipLink
31,4,0.3545,2.8b,skipLink
31,10,0.4856,2.8b,skipLink
31,20,0.1258,2.8b,skipLink
0,0,0.6281,160m,screenReader
0,2,0.4078,160m,screenReader
0,4,0.1626,160m,screenReader
0,6,0.1563,160m,screenReader
0,8,0.2708,160m,screenReader
0,9,0.1151,160m,screenReader
1,0,0.2829,160m,screenReader
1,1,0.7337,160m,screenReader
1,2,0.6271,160m,screenReader
1,3,0.2965,160m,screenReader
1,5,0.248,160m,screenReader
1,7,0.445,160m,screenReader
1,11,0.1438,160m,screenReader
2,1,0.1418,160m,screenReader
2,2,0.3505,160m,screenReader
2,3,0.446,160m,screenReader
2,4,0.1474,160m,screenReader
2,5,0.2274,160m,screenReader
2,6,0.2693,160m,screenReader
2,7,0.1002,160m,screenReader
2,8,0.5459,160m,screenReader
2,9,0.4644,160m,screenReader
2,11,0.6195,160m,screenReader
3,0,0.9243,160m,screenReader
3,2,0.9156,160m,screenReader
3,4,0.2978,160m,screenReader
3,7,0.2039,160m,screenReader
3,9,0.263,160m,screenReader
3,10,0.311,160m,screenReader
4,2,0.1311,160m,screenReader
4,9,0.4336,160m,screenReader
5,1,0.212,160m,screenReader
5,8,0.2141,160m,screenReader
5,11,0.227,160m,screenReader
6,2,0.3429,160m,screenReader
6,3,0.1175,160m,screenReader
6,4,0.1112,160m,screenReader
6,5,0.1488,160m,screenReader
7,7,0.6743,160m,screenReader
7,8,0.1619,160m,screenReader
8,10,0.1575,160m,screenReader
9,3,0.1884,160m,screenReader
10,9,0.1127,160m,screenReader
11,0,0.4323,160m,screenReader
11,6,0.9712,160m,screenReader
11,8,1.0,160m,screenReader
0,0,0.1746,1b,altText
0,1,0.4063,1b,altText
0,3,0.6822,1b,altText
0,5,0.1766,1b,altText
1,0,0.4701,1b,altText
1,2,0.1155,1b,altText
1,3,0.6288,1b,altText
1,4,0.9796,1b,altText
1,6,0.2349,1b,altText
2,0,0.4798,1b,altText
2,1,0.3696,1b,altText
2,2,0.5325,1b,altText
2,4,0.1639,1b,altText
2,6,0.2674,1b,altText
2,7,0.1349,1b,altText
3,1,0.1409,1b,altText
3,2,0.2774,1b,altText
3,3,0.3703,1b,altText
3,4,0.1505,1b,altText
3,5,0.9997,1b,altText
3,6,0.8934,1b,altText
3,7,0.619,1b,altText
4,0,0.1473,1b,altText
4,7,0.1572,1b,altText
5,3,0.1144,1b,altText
5,5,0.3637,1b,altText
6,3,0.8619,1b,altText
7,3,0.128,1b,altText
7,4,0.2219,1b,altText
7,5,0.2279,1b,altText
7,6,0.2915,1b,altText
8,3,0.3116,1b,altText
8,5,0.1216,1b,altText
8,7,0.2128,1b,altText
9,0,0.1307,1b,altText
9,6,0.3424,1b,altText
9,7,0.1081,1b,altText
10,3,0.1254,1b,altText
11,4,0.2358,1b,altText
13,0,0.1295,1b,altText
13,1,0.1016,1b,altText
13,4,0.2537,1b,altText
14,0,0.1084,1b,altText
14,2,0.3525,1b,altText
14,3,0.1487,1b,altText
15,3,0.1307,1b,altText
15,7,0.1901,1b,altText
0,0,0.2418,1b,screenReader
0,1,0.46,1b,screenReader
0,3,0.9656,1b,screenReader
0,5,0.1499,1b,screenReader
0,7,0.2415,1b,screenReader
1,0,0.8892,1b,screenReader
1,2,0.5844,1b,screenReader
1,3,0.6673,1b,screenReader
1,4,0.9704,1b,screenReader
1,5,0.3512,1b,screenReader
1,6,0.3773,1b,screenReader
2,0,0.661,1b,screenReader
2,1,0.2925,1b,screenReader
2,2,0.7,1b,screenReader
2,3,0.1696,1b,screenReader
2,4,0.1709,1b,screenReader
2,5,0.1093,1b,screenReader
2,6,0.5465,1b,screenReader
2,7,0.2539,1b,screenReader
3,3,0.2226,1b,screenReader
3,5,0.9932,1b,screenReader
3,6,0.7256,1b,screenReader
3,7,0.4335,1b,screenReader
5,3,0.1572,1b,screenReader
6,3,0.645,1b,screenReader
7,6,0.1582,1b,screenReader
8,1,0.1198,1b,screenReader
15,5,0.1228,1b,screenReader
0,0,0.8454,410m,screenReader
0,4,0.1966,410m,screenReader
0,6,0.2611,410m,screenReader
0,9,0.2697,410m,screenReader
0,14,0.9758,410m,screenReader
1,2,0.6587,410m,screenReader
1,3,0.9404,410m,screenReader
1,5,0.1462,410m,screenReader
1,6,0.6878,410m,screenReader
1,7,0.3305,410m,screenReader
1,9,0.7598,410m,screenReader
1,10,0.8005,410m,screenReader
1,11,0.3266,410m,screenReader
1,12,0.3833,410m,screenReader
1,14,0.5306,410m,screenReader
2,8,0.6629,410m,screenReader
2,9,0.1535,410m,screenReader
2,11,0.3924,410m,screenReader
2,13,0.7638,410m,screenReader
2,15,0.1078,410m,screenReader
3,1,0.5899,410m,screenReader
3,3,0.8673,410m,screenReader
3,4,0.8519,410m,screenReader
3,5,0.7801,410m,screenReader
3,6,0.4294,410m,screenReader
3,7,0.2489,410m,screenReader
3,8,0.2139,410m,screenReader
3,10,0.5371,410m,screenReader
3,12,0.3063,410m,screenReader
3,13,0.9591,410m,screenReader
4,0,0.4666,410m,screenReader
4,1,0.1642,410m,screenReader
4,2,0.1345,410m,screenReader
4,6,0.2902,410m,screenReader
4,9,0.5059,410m,screenReader
4,11,0.1952,410m,screenReader
4,12,0.2164,410m,screenReader
4,13,0.1245,410m,screenReader
4,15,0.1136,410m,screenReader
5,1,0.1242,410m,screenReader
5,2,0.8562,410m,screenReader
5,3,0.1155,410m,screenReader
5,5,0.7474,410m,screenReader
5,8,0.5768,410m,screenReader
5,9,0.6621,410m,screenReader
5,10,0.1936,410m,screenReader
5,12,0.2083,410m,screenReader
5,15,0.1981,410m,screenReader
6,10,0.124,410m,screenReader
6,13,0.3142,410m,screenReader
8,0,0.2727,410m,screenReader
8,2,0.1381,410m,screenReader
8,5,0.1285,410m,screenReader
8,15,0.1303,410m,screenReader
9,5,0.6395,410m,screenReader
9,7,0.1794,410m,screenReader
9,13,0.1475,410m,screenReader
10,10,0.1414,410m,screenReader
10,14,0.1324,410m,screenReader
12,4,0.2772,410m,screenReader
15,11,0.1439,410m,screenReader
15,12,0.1302,410m,screenReader
16,1,0.1259,410m,screenReader
19,2,0.2065,410m,screenReader
19,3,0.1882,410m,screenReader
20,1,0.1004,410m,screenReader
21,0,0.3714,410m,screenReader
21,2,0.2217,410m,screenReader
21,7,0.1295,410m,screenReader
22,2,0.331,410m,screenReader
22,3,0.1225,410m,screenReader
0,2,0.9273,160m,altText
0,4,0.3091,160m,altText
0,6,0.1207,160m,altText
0,8,0.6308,160m,altText
0,9,0.2303,160m,altText
1,0,0.2418,160m,altText
1,1,0.8106,160m,altText
1,2,0.6371,160m,altText
1,3,0.2853,160m,altText
1,4,0.1161,160m,altText
1,5,0.2318,160m,altText
1,7,0.3612,160m,altText
1,9,0.1948,160m,altText
2,1,0.4568,160m,altText
2,2,0.3584,160m,altText
2,3,0.4111,160m,altText
2,4,0.1267,160m,altText
2,5,0.6864,160m,altText
2,6,0.3799,160m,altText
2,7,0.1548,160m,altText
2,8,0.4941,160m,altText
2,9,0.1914,160m,altText
2,10,0.1235,160m,altText
3,0,0.9509,160m,altText
3,1,0.3131,160m,altText
3,2,0.9091,160m,altText
3,4,0.4538,160m,altText
3,9,0.3903,160m,altText
3,10,0.3297,160m,altText
4,2,0.1115,160m,altText
4,4,0.1281,160m,altText
5,1,0.5475,160m,altText
5,8,0.5121,160m,altText
6,2,0.6661,160m,altText
7,7,0.6797,160m,altText
7,8,0.1165,160m,altText
7,9,0.264,160m,altText
10,9,0.1617,160m,altText
11,0,0.9932,160m,altText
0,0,0.5538,410m,altText
0,3,0.3143,410m,altText
0,4,0.1885,410m,altText
0,6,0.1637,410m,altText
0,9,0.3881,410m,altText
0,10,0.4306,410m,altText
0,14,0.7371,410m,altText
0,15,0.1521,410m,altText
1,2,0.4226,410m,altText
1,3,0.2754,410m,altText
1,5,0.2172,410m,altText
1,6,0.7279,410m,altText
1,7,0.1087,410m,altText
1,9,0.2338,410m,altText
1,10,0.6733,410m,altText
1,11,0.1124,410m,altText
1,12,0.4964,410m,altText
1,13,0.3063,410m,altText
1,14,0.5212,410m,altText
2,4,0.38,410m,altText
2,7,0.118,410m,altText
2,8,0.1469,410m,altText
2,9,0.1649,410m,altText
2,13,0.1742,410m,altText
2,14,0.295,410m,altText
3,1,0.9601,410m,altText
3,3,0.7565,410m,altText
3,4,0.397,410m,altText
3,5,0.6596,410m,altText
3,6,0.2446,410m,altText
3,7,0.1337,410m,altText
3,8,0.1186,410m,altText
3,9,0.1353,410m,altText
3,10,0.4233,410m,altText
3,12,0.1762,410m,altText
3,13,0.3124,410m,altText
3,15,0.1946,410m,altText
4,0,0.4715,410m,altText
4,1,0.3334,410m,altText
4,7,0.3014,410m,altText
4,8,0.1153,410m,altText
4,9,0.9677,410m,altText
4,11,0.124,410m,altText
4,12,0.1938,410m,altText
4,13,0.1275,410m,altText
4,14,0.2621,410m,altText
4,15,0.1954,410m,altText
5,0,0.1598,410m,altText
5,1,0.4887,410m,altText
5,2,0.9386,410m,altText
5,3,0.7303,410m,altText
5,5,0.7047,410m,altText
5,8,0.3867,410m,altText
5,9,0.5871,410m,altText
5,11,0.1482,410m,altText
5,12,0.3521,410m,altText
5,14,0.3009,410m,altText
5,15,0.6079,410m,altText
6,5,0.1302,410m,altText
6,11,0.209,410m,altText
6,12,0.1258,410m,altText
6,13,0.3417,410m,altText
7,2,0.2505,410m,altText
7,10,0.4133,410m,altText
8,0,0.3294,410m,altText
8,1,0.4905,410m,altText
8,2,0.2821,410m,altText
8,15,0.134,410m,altText
9,2,0.1314,410m,altText
9,5,0.7555,410m,altText
9,10,0.2307,410m,altText
9,13,0.1043,410m,altText
10,1,0.5397,410m,altText
10,2,0.3375,410m,altText
10,5,0.3304,410m,altText
10,14,0.4344,410m,altText
11,8,0.2494,410m,altText
11,13,0.1342,410m,altText
12,4,0.2505,410m,altText
12,5,0.2844,410m,altText
12,9,0.1949,410m,altText
12,13,0.2676,410m,altText
12,14,0.2216,410m,altText
13,10,0.1295,410m,altText
15,4,0.1751,410m,altText
15,11,0.1408,410m,altText
17,4,0.1206,410m,altText
17,12,0.1074,410m,altText
17,14,0.2239,410m,altText
19,1,0.1299,410m,altText
19,12,0.163,410m,altText
20,1,0.1334,410m,altText
20,2,0.2423,410m,altText
21,2,0.252,410m,altText
21,7,0.1241,410m,altText
23,7,0.2829,410m,altText
